<?xml version="1.0" encoding="UTF-8"?>
<!DOCTYPE suite SYSTEM "https://testng.org/testng-1.0.dtd">

<suite name="Suite" parallel = "tests" thread-count="2" >   <!-- will execute the test module in parallel -->

   <listeners>
<listener class-name = "TestComponent.TestNGListerners" />
</listeners>     
     
  
  <test  name="submit order" thread-count="5">  <!-- will execute the classes  in parallel -->
  
  
    <classes>
 
      <class name="TestCases.StandAloneTest">
      
       
     <!--     
      <methods>
      <include name="invalidLoginValidation"/>  
      </methods>  -->
      </class>
      
      
    </classes>
  </test>  
  
</suite>
