<?xml version="1.0" encoding="UTF-8"?>
<Configuration status="WARN">

<Properties>
<Property name = "basePath">./log</Property>
</Properties>
  <Appenders>
 
  <RollingFile name="File" fileName="${basePath}/logdetails.log"
                       filePattern="${basePath}/logdetails-%d{yyyy-MM-dd}.log">
            <PatternLayout>
              <pattern>%d %p %c{1.} [%t] %m%n</pattern>
            </PatternLayout>
            <SizeBasedTriggeringPolicy size="500" />
          </RollingFile>
    <Console name="Console" target="SYSTEM_OUT">
      <PatternLayout pattern="%d{HH:mm:ss.SSS} [%t] %-5level %logger{36} - %msg%n"/>
    </Console>
  </Appenders>
  
  <Loggers>
  <Logger name="alpha.Demo" level="trace" additivity = "false">
      <AppenderRef ref="File"/>
    </Logger>
    <Root level="trace">
      <AppenderRef ref="File"/>
    </Root>
  </Loggers>
</Configuration>