<?xml version="1.0" encoding="UTF-8"?>
<!DOCTYPE suite SYSTEM "https://testng.org/testng-1.0.dtd">

<suite name="Suite" parallel = "tests" thread-count="2" >   <!-- will execute the test module in parallel -->

 <!-- <listeners>
<listener class-name = "testng.Listeners" />
</listeners> -->     
 <parameter name ="url"  value = "https://rahulshettyacademy.com/locatorspractice/"/>  <!-- passing parameter in suite level  -->
 
  
  <test  name="carloan" parallel = "classes" thread-count="5">  <!-- will execute the classes  in parallel -->
  
  <parameter name = "key" value = "jhahfka"/>  <!-- providing parameter in test module level -->
    <classes>
 
 <class name = "testng.carloan3"> </class>
 
    </classes>
  </test>  
  
    
 
   

  
</suite> <!-- Suite -->
