<?xml version="1.0" encoding="UTF-8"?>
<!DOCTYPE suite SYSTEM "https://testng.org/testng-1.0.dtd">
<suite name="Suite">
 
  <test thread-count="5" name="Test">
    <packages>
    <package name="testng"/>  <!--  this will execute all the testcases inside the package -->
    </packages>
  </test> <!-- Test -->
    
</suite> <!-- Suite -->

<!-- <package name = "testng">    this willl include one specific class -->
   <!--   <include name = "hello"/>    will execute only this class inside the package -->
   <!--   </package>  -->